{"name": "douaa", "gender": "Female", "age": 20, "weight": 53, "height": 165, "activity_level": "Moderately Active", "goal": "Gain Muscle", "bmr": 1362.254, "tdee": 2111.4937, "protein": 158.36202749999998, "carbs": 211.14937, "fats": 70.38312333333333}